nombre;sexe;annee;prenoms;nombre_total_cumule
8;F;2006;Angie;8
5;M;2006;Ari;5
6;F;2006;Armance;6
16;M;2006;Artus;16
25;F;2006;Astrid;25
12;M;2006;Aurèle;12
10;F;2006;Camélia;10
9;M;2006;Célestin;9
49;F;2006;Célia;49
15;F;2006;Cléo;15
12;F;2006;Delphine;12
7;M;2006;Eden;7
39;F;2006;Eléonore;39
14;F;2006;Elina;14
12;M;2006;Elio;12
12;F;2006;Elisabeth;12
6;M;2006;Emilio;6
10;F;2006;Emily;10
5;F;2006;Eryne;5
126;M;2006;Ethan;126
24;F;2006;Eve;24
13;M;2006;Farès;13
5;F;2006;Fatma;5
30;F;2006;Flora;30
6;F;2006;Floriane;6
5;F;2006;Hafsa;5
12;F;2006;Hana;12
23;M;2006;Ilan;23
8;M;2006;Ilyès;8
30;F;2006;Imane;30
13;F;2006;Imen;13
35;F;2006;Ines;35
8;F;2006;Jana;8
5;M;2006;Jean-Christophe;5
10;F;2006;Johanna;10
10;F;2006;Karine;10
8;F;2006;Keren;8
5;F;2006;Leonor;5
11;F;2006;Lia;11
10;M;2006;Lior;10
11;F;2006;Liora;11
13;F;2006;Loane;13
21;F;2006;Lydia;21
34;F;2006;Lyna;34
37;F;2006;Maëlys;37
9;M;2006;Mahé;9
5;F;2006;Maia;5
11;M;2006;Marcus;11
177;F;2006;Marie;177
45;F;2006;Marine;45
10;M;2006;Marvin;10
17;M;2006;Marwan;17
7;M;2006;Marwane;7
5;F;2006;Marylou;5
93;M;2006;Maxence;93
23;F;2006;Mélina;23
6;M;2006;Moïse;6
6;F;2006;Naya;6
27;M;2006;Olivier;27
19;F;2006;Oriane;19
14;M;2006;Philippe;14
43;M;2006;Rafael;43
6;F;2006;Rahma;6
17;F;2006;Rebecca;17
5;F;2006;Samia;5
156;M;2006;Samuel;156
47;M;2006;Samy;47
35;F;2006;Stella;35
5;M;2006;Sylvain;5
6;M;2006;Tommy;6
52;F;2006;Violette;52
23;M;2006;Wassim;23
10;M;2006;Youcef;10
7;M;2006;Zachary;7
5;M;2006;Zadig;5
11;F;2007;Amy;11
17;M;2007;Ange;17
12;F;2007;Asma;12
21;F;2007;Audrey;21
24;F;2007;Awa;24
29;M;2007;Ayoub;29
6;M;2007;Barthélémy;6
9;F;2007;Bertille;9
5;F;2007;Blandine;5
8;F;2007;Cerise;8
149;F;2007;Charlotte;149
10;F;2007;Colette;10
7;F;2007;Cynthia;7
78;M;2007;David;78
42;F;2007;Eloïse;42
40;M;2007;Esteban;40
10;F;2007;Eulalie;10
8;F;2007;Fantine;8
15;F;2007;Fatima;15
15;F;2007;Fatou;15
8;M;2007;Gianni;8
43;M;2007;Hadrien;43
30;M;2007;Hamza;30
36;F;2007;Hélène;36
9;M;2007;Jad;9
84;M;2007;Joseph;84
8;F;2007;Katia;8
5;F;2007;Ketsia;5
5;F;2007;Lauren;5
8;M;2007;Loan;8
7;F;2007;Maëlis;7
10;F;2007;Maelys;10
47;M;2007;Malo;47
12;M;2007;Marceau;12
5;M;2007;Marouane;5
14;M;2007;Melchior;14
6;M;2007;Mickael;6
28;M;2007;Milan;28
9;M;2007;Nael;9
5;M;2007;Namory;5
16;F;2007;Naomie;16
30;F;2007;Ninon;30
21;F;2007;Nora;21
5;F;2007;Séléna;5
7;M;2007;Serge;7
10;F;2007;Sibylle;10
5;F;2007;Siloé;5
11;F;2007;Soline;11
39;F;2007;Suzanne;39
6;F;2007;Tali;6
19;F;2007;Tessa;19
26;F;2007;Thaïs;26
220;M;2007;Thomas;220
6;F;2007;Tina;6
73;M;2007;Tom;73
8;M;2007;Wesley;8
39;M;2007;Yacine;39
135;M;2007;Yanis;135
14;M;2007;Younes;14
7;M;2007;Yvan;7
8;M;2008;Abderrahmane;8
11;F;2008;Adriana;11
15;F;2008;Aïssata;15
13;M;2008;Albert;13
5;F;2008;Alissa;5
63;F;2008;Alix;70
10;F;2008;Amalia;10
31;F;2008;Amandine;31
6;F;2008;Ania;6
58;M;2008;Aurélien;58
15;F;2008;Auriane;15
13;M;2008;Camil;13
10;F;2008;Cindy;10
5;M;2008;Clarence;5
8;F;2008;Coralie;8
17;M;2008;Damien;17
32;M;2008;Dylan;32
9;F;2008;Elissa;9
10;M;2008;Enguerrand;10
24;M;2008;Erwan;24
13;F;2008;Ethel;13
42;M;2008;Gabin;42
6;F;2008;Gaëlle;6
135;M;2008;Hugo;135
7;F;2008;Iman;7
26;M;2008;James;26
10;M;2008;Jawad;10
26;M;2008;Jérémy;26
10;F;2008;Joana;10
14;M;2008;Killian;14
5;F;2008;Kimberley;5
7;F;2008;Lahna;7
12;F;2008;Léana;12
8;M;2008;Leandro;8
23;F;2008;Léane;23
8;M;2008;Léni;8
6;M;2008;Leo;6
52;M;2008;Liam;52
33;F;2008;Lilou;33
7;F;2008;Liz;7
23;M;2008;Luka;23
16;F;2008;Maé;16
24;F;2008;Maïssa;24
6;F;2008;Marnie;6
18;F;2008;Mélanie;18
5;M;2008;Miles;5
6;M;2008;Nabil;6
7;M;2008;Naïl;7
7;M;2008;Nizar;7
37;M;2008;Pablo;37
6;F;2008;Prisca;6
10;F;2008;Prune;10
5;F;2008;Ranya;5
26;F;2008;Raphaëlle;26
121;M;2008;Rayan;121
5;F;2008;Rim;5
5;F;2008;Salima;5
41;F;2008;Sasha;68
5;F;2008;Shaïnez;5
5;M;2008;Théophane;5
12;F;2008;Yona;12
6;M;2008;Zack;6
11;M;2009;Adrian;11
5;M;2009;Amar;5
26;M;2009;Andrea;26
5;M;2009;Andrew;5
5;M;2009;Antony;5
5;F;2009;Athénaïs;5
5;F;2009;Aurélie;5
80;M;2009;Axel;80
14;M;2009;Aymen;14
20;F;2009;Bintou;20
16;M;2009;Calixte;16
27;F;2009;Charlie;50
7;F;2009;Christina;7
27;M;2009;Corentin;27
11;F;2009;Dalia;11
23;M;2009;Dorian;23
68;M;2009;Elias;68
5;F;2009;Eline;5
16;F;2009;Emmanuelle;16
24;M;2009;Eric;24
15;M;2009;Ernest;15
6;M;2009;Eytan;6
12;M;2009;Gaëtan;12
6;M;2009;Gary;6
5;F;2009;Georgia;5
48;M;2009;Guillaume;48
34;F;2009;Hannah;34
5;M;2009;Hassan;5
43;M;2009;Ilyes;43
48;F;2009;Justine;48
8;F;2009;Kahina;8
15;F;2009;Laetitia;15
8;M;2009;Lazare;8
13;F;2009;Leïla;13
122;M;2009;Léo;122
5;M;2009;Lirone;5
13;F;2009;Liv;13
6;F;2009;Liya;6
18;F;2009;Lou-Ann;18
51;M;2009;Luca;51
5;F;2009;Lucy;5
43;M;2009;Mamadou;43
5;M;2009;Manuel;5
6;F;2009;Marilou;6
5;F;2009;Maureen;5
5;F;2009;Meriam;5
6;M;2009;Modibo;6
8;M;2009;Mody;8
9;M;2009;Morgan;9
22;F;2009;Morgane;22
7;M;2009;Nathaniel;7
13;F;2009;Norah;13
7;F;2009;Noura;7
44;F;2009;Océane;44
6;M;2009;Oren;6
5;M;2009;Oskar;5
16;F;2009;Rania;16
7;M;2009;Saul;7
8;M;2009;Tao;8
5;M;2009;Terence;5
11;M;2009;Vladimir;11
28;M;2009;Walid;28
46;M;2009;Youssef;46
19;M;2010;Adel;19
16;M;2010;Aloïs;16
9;F;2010;Angélique;9
6;M;2010;Archibald;6
13;F;2010;Ashley;13
65;F;2010;Aya;65
93;M;2010;Benjamin;93
33;F;2010;Chiara;33
111;F;2010;Clémence;111
8;F;2010;Cléophée;8
11;F;2010;Clotilde;11
15;M;2010;Constantin;15
23;M;2010;Eliot;23
7;M;2010;Eyal;7
8;M;2010;Fabio;8
24;F;2010;Farah;24
16;M;2010;Ferdinand;16
50;M;2010;Ibrahim;50
68;F;2010;Iris;68
10;M;2010;Issam;10
87;M;2010;Jean;87
21;F;2010;Jessica;21
76;F;2010;Laura;76
39;F;2010;Lena;39
5;M;2010;Livio;5
26;M;2010;Loïc;26
6;F;2010;Malia;6
10;M;2010;Malick;10
23;M;2010;Malik;23
15;F;2010;Mariama;15
37;M;2010;Max;37
9;F;2010;Naïla;9
30;M;2010;Nassim;30
11;F;2010;Nayla;11
56;M;2010;Nicolas;56
252;M;2010;Paul;252
20;F;2010;Philippine;20
7;F;2010;Rosa;7
5;F;2010;Serine;5
7;M;2010;Shaï;7
9;F;2010;Sienna;9
9;F;2010;Soraya;9
6;M;2010;Stan;6
11;M;2010;Téo;11
5;M;2010;Thiago;5
92;F;2010;Victoire;92
7;M;2010;Younès;7
27;M;2010;Zakaria;27
10;M;2010;Ziyad;10
6;F;2011;Aby;6
38;F;2011;Aïcha;38
16;F;2011;Aïssatou;16
14;M;2011;Alan;14
88;M;2011;Alexis;88
18;F;2011;Alya;18
42;M;2011;Anatole;42
33;F;2011;Anouk;33
5;F;2011;Asmaa;5
5;F;2011;Aylin;5
6;F;2011;Barbara;6
6;F;2011;Bonnie;6
9;M;2011;Damian;9
6;M;2011;Dani;6
7;F;2011;Eléna;7
30;F;2011;Estelle;30
161;F;2011;Eva;161
7;M;2011;Ezio;7
7;M;2011;Fadi;7
11;F;2011;Fanny;11
10;F;2011;Gabriella;10
10;F;2011;Gloria;10
6;F;2011;Grâce;6
11;F;2011;Ilyana;11
10;M;2011;Imran;10
5;M;2011;Inza;5
63;M;2011;Isaac;63
5;M;2011;Jacob;5
7;F;2011;Joanna;7
6;M;2011;John;6
54;M;2011;Joshua;54
48;M;2011;Julien;48
180;F;2011;Juliette;180
18;F;2011;Lara;18
7;M;2011;Laurent;7
9;F;2011;Line;9
92;F;2011;Lisa;92
8;F;2011;Liza;8
10;M;2011;Lou;10
306;F;2011;Louise;306
13;M;2011;Matéo;13
7;F;2011;Matilde;7
25;M;2011;Maximilien;25
6;M;2011;Michaël;6
19;F;2011;Mina;19
5;F;2011;Miya;5
6;M;2011;Nadir;6
9;M;2011;Nolann;9
5;F;2011;Olga;5
18;M;2011;Omar;18
7;M;2011;Pedro;7
60;M;2011;Robin;60
9;F;2011;Sabrina;9
13;F;2011;Sacha;178
14;F;2011;Sonia;14
5;M;2011;Steven;5
8;M;2011;Vasco;8
320;M;2004;Alexandre;320
6;F;2004;Alexane;6
33;M;2004;Ali;33
5;F;2004;Althéa;5
8;F;2004;Anaé;8
21;M;2004;Bilal;21
42;F;2004;Candice;42
9;M;2004;Christopher;9
26;M;2004;Diego;26
6;F;2004;Doriane;6
5;M;2004;Eliès;5
7;F;2004;Elona;7
36;M;2004;Emile;36
9;F;2004;Fiona;9
52;M;2004;Florian;52
15;F;2004;Hawa;15
58;F;2004;Sofia;58
28;F;2004;Sophia;28
7;F;2004;Swann;17
5;M;2004;Tidiane;5
17;F;2004;Vanessa;17
69;M;2004;Vincent;69
6;M;2004;Wilfried;6
8;M;2004;Yoni;8
7;F;2004;Yuna;7
13;M;2005;Adem;13
5;F;2005;Adja;5
6;F;2005;Anaelle;6
16;F;2005;Angelina;16
6;F;2005;Antonia;6
23;F;2005;Ariane;23
5;F;2005;Armelle;5
15;F;2005;Aude;15
9;M;2005;Bakary;9
21;F;2005;Cécile;21
15;M;2005;Cédric;15
13;F;2005;Charline;13
11;F;2005;Cléa;11
31;M;2005;Cyprien;31
9;M;2005;Dany;9
6;M;2005;Florentin;6
8;F;2005;Hermine;8
5;F;2005;Hermione;5
40;M;2005;Hippolyte;40
5;F;2005;Ikram;5
7;M;2005;Ilhan;7
11;M;2005;Ilyas;11
21;F;2005;Jasmine;21
45;M;2005;Kevin;45
7;M;2005;Khalil;7
6;F;2005;Lindsay;6
36;F;2005;Lise;36
32;M;2005;Lorenzo;32
29;F;2005;Louna;29
17;F;2005;Ludivine;17
19;F;2005;Maïlys;19
36;M;2005;Marc;36
20;M;2005;Marin;20
16;F;2005;Melissa;16
6;M;2005;Melvil;6
54;F;2005;Myriam;54
7;F;2005;Natalia;7
7;F;2005;Pia;7
135;M;2005;Pierre;135
5;F;2005;Rym;5
25;F;2005;Salma;25
6;F;2005;Satine;6
5;F;2005;Solveig;5
57;M;2005;Timothée;57
6;M;2005;Youri;6
12;M;2006;Alessandro;12
7;F;2006;Alizée;7
9;M;2006;Alpha;9
19;F;2006;Anastasia;19
15;F;2004;Isabelle;15
5;M;2004;Léo-Paul;5
16;F;2004;Lily;16
13;F;2004;Lison;13
10;M;2004;Logan;10
15;F;2004;Louisa;15
8;M;2004;Louison;8
5;F;2004;Maayane;5
28;F;2004;Madeleine;28
42;F;2004;Maëlle;42
18;F;2004;Maeva;18
11;F;2004;Marwa;11
18;M;2004;Mathys;18
10;M;2004;Matias;10
5;F;2004;Naïs;5
49;F;2004;Noa;72
24;F;2004;Nour;29
5;M;2004;Peter;5
283;M;2004;Raphaël;283
25;M;2004;Roméo;25
5;F;2011;Viktoria;5
6;M;2011;Wissem;6
6;F;2011;Yousra;6
15;M;2011;Youssouf;15
20;M;2011;Zacharie;20
6;F;2012;Agnès;6
7;M;2012;Akram;7
29;M;2012;Alex;29
12;F;2012;Aline;12
25;F;2012;Anaëlle;25
6;M;2012;Angelo;6
8;M;2012;Avi;8
13;M;2012;Aymeric;13
42;F;2012;Blanche;42
8;M;2012;Calvin;8
6;F;2012;Camilia;6
85;F;2012;Clara;85
11;F;2012;Clélia;11
27;F;2012;Clémentine;27
11;M;2012;Clovis;11
7;M;2012;Eliel;7
7;M;2012;Éloi;7
9;F;2012;Ema;9
9;M;2012;Emilien;9
6;M;2012;Ewenn;6
60;F;2012;Fatoumata;60
6;F;2012;Flavie;6
6;M;2012;Giulio;6
10;F;2012;Grace;10
5;M;2012;Hassane;5
10;F;2012;Izia;10
7;M;2012;Jason;7
10;M;2012;Jean-Baptiste;10
8;M;2012;Joakim;8
5;M;2012;Joan;5
113;F;2012;Julia;113
27;M;2012;Julian;27
9;F;2012;June;9
6;F;2012;Kadidiatou;6
6;F;2012;Klara;6
8;F;2012;Léonor;8
10;F;2012;Léopoldine;10
9;M;2012;Luis;9
5;F;2012;Mariem;5
7;M;2012;Maximilian;7
69;F;2012;Maya;69
5;M;2012;Michel;5
17;M;2012;Mohammed;17
15;F;2012;Mona;15
5;M;2012;Mouhamadou;5
17;F;2012;Naëlle;17
7;F;2012;Ophélie;7
7;F;2012;Paola;7
5;F;2012;Quitterie;5
83;F;2012;Romane;83
53;M;2012;Ruben;53
10;F;2012;Safia;10
10;F;2012;Sana;10
5;F;2012;Sherine;5
19;M;2012;Timothé;19
5;F;2012;Zeinab;5
6;M;2013;Alistair;6
10;F;2013;Aliyah;10
16;F;2013;Amira;16
16;F;2013;Angèle;16
8;F;2013;Assya;8
7;M;2013;Benoît;7
21;F;2013;Claire;21
11;F;2013;Daria;11
67;M;2013;Edgar;67
6;M;2013;Eli;6
5;M;2013;Elone;5
5;F;2013;Emmie;5
42;M;2013;Evan;42
10;M;2013;Ewen;10
6;F;2013;Gaia;6
7;F;2013;Haya;7
11;M;2013;Iyad;11
6;M;2013;Iyed;6
6;F;2013;Johanne;6
10;F;2013;Lily-Rose;10
14;F;2013;Maïmouna;14
10;F;2013;Marianne;10
34;M;2013;Nathanaël;34
6;F;2013;Odélia;6
14;F;2013;Ombeline;14
6;F;2013;Orlane;6
6;M;2013;Roy;6
5;F;2013;Sabrine;5
16;M;2013;Sam;16
6;M;2013;Silas;6
38;F;2013;Sophie;38
5;M;2013;Thibaud;5
34;M;2013;Vadim;34
5;F;2013;Yaëlle;5
12;F;2014;Aaliyah;12
9;M;2014;Andrei;9
6;M;2014;Anes;6
5;M;2014;Armel;5
6;F;2014;Athéna;6
12;F;2014;Axelle;12
33;F;2014;Bérénice;33
5;M;2014;Brayan;5
10;F;2014;Cloé;10
62;F;2014;Constance;62
10;F;2014;Diana;10
8;F;2014;Elyne;8
15;M;2014;Etienne;15
32;F;2014;Hanna;32
6;F;2014;Isadora;6
9;M;2014;Jack;9
6;M;2014;Jonah;6
43;M;2014;Kaïs;43
44;F;2014;Lana;44
11;F;2014;Laure;11
12;M;2014;Lino;12
5;F;2014;Louann;5
22;F;2014;Maïa;22
39;F;2014;Maryam;39
11;F;2014;Mathilda;11
17;F;2014;Meriem;17
5;M;2014;Nathaël;5
5;F;2014;Rokya;5
33;F;2014;Selma;33
5;F;2014;Shaïna;5
5;F;2014;Sharon;5
27;F;2014;Tess;27
45;M;2015;Achille;45
8;F;2015;Ada;8
13;F;2015;Alba;13
8;M;2015;Alphonse;8
9;F;2015;Anissa;9
9;M;2015;Aron;9
246;M;2015;Arthur;246
6;F;2015;Avital;6
10;M;2015;Boubacar;10
17;M;2015;Dimitri;17
61;F;2015;Garance;61
7;M;2015;Guilhem;7
5;M;2015;Haris;5
6;F;2015;Kayla;6
8;M;2015;Kays;8
6;F;2015;Kelya;6
6;F;2015;Kendra;6
6;F;2015;Lehna;6
258;M;2015;Louis;258
17;F;2015;Mahaut;17
7;M;2015;Maher;7
5;M;2015;Melvyn;5
185;M;2015;Mohamed;185
20;F;2015;Mya;20
6;F;2015;Nathalie;6
55;M;2015;Noam;55
24;M;2015;Ousmane;24
16;M;2015;Raphael;16
26;M;2015;Rayane;26
6;F;2015;Ruby;6
8;M;2015;Sebastian;8
5;M;2015;Sébastien;5
12;F;2015;Selena;12
7;F;2015;Tamara;7
36;M;2015;Tristan;36
89;F;2015;Valentine;89
6;F;2016;Abigaïl;6
6;M;2016;Aedan;6
88;F;2016;Agathe;88
71;F;2016;Alma;71
55;F;2016;Ambre;55
9;M;2016;Andreas;9
87;F;2016;Ava;87
6;F;2016;Ayah;6
15;M;2016;Bastien;15
8;F;2016;Eliana;8
11;F;2016;Éline;11
8;M;2016;Eloi;8
24;F;2016;Emy;24
5;F;2016;Hadja;5
8;F;2016;Hajar;8
9;F;2016;Hiba;9
9;M;2016;Ishak;9
5;M;2016;Joaquim;5
7;M;2016;Johann;7
5;F;2016;Laya;5
156;F;2016;Léa;156
6;F;2016;Lili;6
9;F;2016;Mahault;9
8;F;2016;Maïssane;8
5;M;2016;Mathurin;5
5;F;2016;May;5
8;M;2016;Niels;8
46;F;2016;Noémie;46
119;F;2016;Olivia;119
6;F;2016;Oumou;6
6;M;2016;Romeo;6
7;F;2016;Sakina;7
5;M;2016;Salman;5
12;F;2016;Shirel;12
5;F;2016;Sia;5
9;M;2016;Siméon;9
12;F;2016;Tara;12
7;F;2017;Aicha;7
21;F;2017;Alia;21
20;F;2017;Aliénor;20
6;F;2017;Alina;6
6;F;2017;Arya;6
9;F;2017;Assa;9
28;F;2017;Augustine;28
7;M;2017;Ayan;7
7;M;2017;Badis;7
9;F;2017;Binta;9
7;F;2017;Catherine;7
20;M;2017;Élie;20
51;M;2017;Georges;51
5;M;2017;Kévin;5
11;F;2017;Khadidja;11
18;M;2017;Kylian;18
6;F;2017;Louane;6
7;F;2017;Lucile;7
7;F;2017;Maimouna;7
5;M;2017;Maksim;5
5;F;2017;Meïssa;5
11;F;2017;Mellina;11
87;F;2017;Mia;87
12;M;2017;Moustapha;12
120;M;2017;Nathan;120
14;F;2017;Nelya;14
25;M;2017;Nils;25
155;M;2017;Noah;155
37;M;2017;Noham;37
14;M;2017;Rafaël;14
6;F;2017;Reine;6
5;F;2017;Talya;5
17;M;2017;Timéo;17
13;M;2017;Titouan;13
5;M;2017;Viggo;5
8;M;2017;Yohan;8
8;F;2017;Zahra;8
7;M;2017;Zayn;7
14;M;2018;Aly;14
10;F;2018;Alyssa;10
84;M;2018;Amir;84
23;F;2018;Andréa;37
5;F;2018;Artémis;5
5;F;2018;Ayana;5
8;M;2018;Aydan;8
6;M;2018;Bradley;6
7;F;2018;Cecilia;7
5;M;2018;Chahine;5
19;F;2018;Dina;19
9;F;2018;Eléanore;9
33;M;2018;Emmanuel;33
40;F;2018;Esther;40
5;F;2018;Firdaws;5
76;F;2018;Héloïse;76
8;F;2018;Isabella;8
8;M;2018;Isidore;8
109;F;2018;Jade;109
20;F;2018;Jenna;20
8;M;2018;Jordan;8
9;M;2018;Jude;9
119;M;2018;Jules;119
12;M;2018;Lamine;12
5;F;2018;Leia;5
5;F;2018;Linoy;5
148;M;2018;Lucas;148
21;M;2018;Lyam;21
9;M;2018;Lysandre;9
100;M;2018;Maël;100
5;F;2018;Maëlyne;5
17;M;2018;Mathéo;17
68;M;2018;Naël;68
9;F;2018;Neïla;9
5;F;2018;Nelia;5
9;F;2018;Nell;9
5;F;2018;Nicole;5
5;M;2018;Philémon;5
18;M;2018;Quentin;18
12;F;2018;Salimata;12
9;M;2018;Samba;9
9;M;2018;Sandro;9
7;M;2018;Souleyman;7
8;F;2018;Tiphaine;8
10;M;2018;Wael;10
8;M;2018;Yahya;8
67;F;2018;Yasmine;67
292;M;2019;Adam;292
105;M;2019;Maxime;105
103;M;2019;Aaron;103
100;M;2019;Marius;100
99;M;2019;Basile;99
54;M;2019;Moussa;54
32;F;2019;Elise;32
30;M;2019;Djibril;30
29;M;2019;Ezra;29
29;M;2019;Jayden;29
22;M;2019;Amaury;22
22;F;2019;Bianca;22
22;F;2019;Célestine;22
21;M;2019;Matteo;21
19;F;2019;Rita;19
15;F;2019;Baya;15
13;F;2019;Amani;13
12;M;2019;Ian;12
10;F;2019;Carla;10
9;F;2019;Elyssa;9
8;M;2019;Demba;8
8;F;2019;Azélie;8
8;F;2019;Kiara;8
7;M;2019;Éden;7
7;F;2019;Avril;7
7;F;2019;Béryl;7
7;F;2019;Nada;7
7;F;2019;Nadia;7
6;F;2019;Marion;6
6;F;2019;Perla;6
6;F;2019;Razane;6
6;F;2019;Tahel;6
5;M;2019;Dante;5
5;M;2019;Frédéric;5
5;M;2019;Gaspar;5
5;M;2019;Izaac;5
5;M;2019;Lucca;5
5;M;2019;Raoul;5
5;F;2019;Ernestine;5
5;F;2019;Habiba;5
5;F;2019;Mayane;5
5;F;2019;Molly;5
136;F;2020;Rose;136
109;M;2020;Côme;109
64;F;2020;Inaya;64
52;F;2020;Aminata;52
51;M;2020;Solal;51
45;F;2020;Albane;45
44;M;2020;Elie;44
38;F;2020;Thelma;38
31;F;2020;Élise;31
22;M;2020;Adama;22
18;F;2020;Maxine;18
17;F;2020;Nélia;17
15;F;2020;Mélissa;15
14;F;2020;Flore;14
12;M;2020;Yann;12
11;M;2020;Mahamadou;11
11;F;2020;Aria;11
9;M;2020;Daouda;9
9;M;2020;Ilyane;9
9;M;2020;Lévi;9
9;F;2020;Mara;9
8;M;2020;Aïden;8
8;M;2020;Anthony;8
8;M;2020;Isayah;8
8;F;2020;Marthe;8
6;F;2020;Dayana;6
6;F;2020;Eileen;6
6;F;2020;Léone;6
6;F;2020;Masha;6
6;F;2020;Solène;6
5;M;2020;Aharon;5
5;M;2020;Ayaan;5
5;M;2020;Yahia;5
5;F;2020;Divine;5
5;F;2020;Myla;5
82;M;2021;Octave;82
63;F;2021;Mariam;63
55;M;2021;Adrien;55
39;M;2021;Sohan;39
34;M;2021;Joachim;34
33;F;2021;Léonore;33
28;F;2021;Livia;28
20;M;2021;Yassine;20
16;M;2021;Théophile;16
14;F;2021;Colombe;14
14;F;2021;Philippa;14
14;M;2021;Dario;14
12;F;2021;Mayssa;12
12;M;2021;Milann;12
9;M;2021;Maylone;9
9;M;2021;Selyan;9
8;F;2021;Arielle;8
8;F;2021;Eleanor;8
8;M;2021;Pacôme;8
8;M;2021;Tancrède;8
7;F;2021;Albertine;7
7;F;2021;Samira;7
7;M;2021;Eddy;7
7;M;2021;Thibault;7
7;M;2021;Viktor;7
6;F;2021;Nine;6
6;F;2021;Ornella;6
6;M;2021;Aksil;6
5;F;2021;Dora;5
5;F;2021;Zayneb;5
5;M;2021;Zacharia;5
9;F;2011;Yaël;9
6;M;2011;Zéphyr;6
13;M;2012;Abdallah;13
11;M;2012;Arnaud;11
10;M;2012;Ayden;10
6;F;2012;Cassandra;6
16;M;2012;Charly;16
13;M;2012;Darius;13
13;F;2012;Elia;13
15;F;2012;Fleur;15
11;F;2012;Gaïa;11
22;M;2012;Grégoire;22
17;M;2012;Ismaïl;17
12;M;2012;Leonardo;12
6;F;2012;Malek;6
8;M;2012;Malone;8
8;M;2012;Matisse;8
11;M;2012;Mattéo;11
7;F;2012;Naïa;7
5;F;2012;Toscane;5
8;M;2012;Xavier;8
5;M;2013;Ahmad;5
11;F;2013;Aïda;11
7;M;2013;Aïdan;7
8;M;2013;Anass;8
19;M;2013;André;19
6;M;2013;Bruno;6
5;F;2013;Celia;5
6;F;2013;Chahinez;6
7;F;2013;Charlène;7
6;M;2013;Cheikh;6
12;M;2013;Christian;12
134;M;2013;Clément;134
11;F;2013;Coumba;11
8;M;2013;Curtis;8
9;F;2013;Dounia;9
7;F;2013;Éléna;7
9;M;2013;Emir;9
17;F;2013;Emna;17
5;M;2013;Éric;5
8;M;2013;Giovanni;8
7;F;2013;Hind;7
7;F;2013;Iliana;7
17;M;2013;Imrane;17
20;M;2013;Jonas;20
11;M;2013;Josh;11
6;M;2013;Josué;6
5;M;2020;Mohamed-Lamine;5
5;F;2013;Kadiatou;5
5;F;2013;Kim;5
5;F;2020;Beya;5
5;F;2020;Félicie;5
72;F;2013;Lola;72
5;F;2020;Hanae;5
5;F;2013;Mamou;5
5;F;2020;Ramatoulaye;5
6;F;2013;Manelle;6
5;F;2020;Rokia;5
8;M;2013;Marlon;8
38;M;2013;Mathieu;38
37;M;2013;Matthieu;37
125;F;2021;Romy;125
115;F;2021;Lina;115
8;F;2013;Mayar;8
104;M;2021;Ismaël;104
100;M;2021;Auguste;100
10;F;2013;Méline;10
60;M;2021;Ilyan;60
13;M;2013;Nahel;13
15;M;2013;Neil;15
8;M;2013;Othmane;8
9;M;2013;Paolo;9
34;M;2021;Émile;34
5;M;2013;Reda;5
6;M;2013;Sekou;6
23;M;2021;Edouard;23
5;F;2013;Thanina;5
21;F;2021;Amélia;21
5;M;2013;Tobias;5
20;F;2021;Adélaïde;20
19;M;2021;Souleymane;19
8;M;2013;Zakariya;8
5;M;2014;Adriel;5
14;F;2021;Julie;14
7;M;2014;Alassane;7
6;F;2014;Alessia;6
13;M;2021;Cheick;13
11;F;2014;Amicie;11
12;M;2021;Lassana;12
11;F;2021;Eléa;11
33;M;2014;Anton;33
8;F;2021;Ramata;8
8;M;2021;Imrân;8
7;F;2021;Alisha;7
6;M;2014;Elian;6
7;F;2021;Cali;7
7;F;2014;Elvire;7
7;F;2021;Loïs;7
7;M;2014;Florent;7
7;F;2021;Maëlya;7
16;M;2014;Gaël;16
7;M;2021;Hélie;7
7;M;2021;Matthias;7
139;M;2014;Gaspard;139
5;M;2014;Harold;5
6;F;2021;Malya;6
6;M;2014;Imad;6
6;F;2021;Solange;6
6;M;2021;Babacar;6
21;M;2014;Ivan;21
6;M;2021;Karl;6
6;M;2021;Matis;6
7;M;2014;Jayson;7
8;F;2014;Joyce;8
6;F;2014;Kadidja;6
5;F;2021;Joey;5
6;M;2014;Kimi;6
5;F;2021;Lune;5
50;F;2014;Lila;50
5;M;2021;Jed;5
5;M;2012;Achraf;5
10;M;2014;Mayeul;10
48;F;2012;Alicia;48
6;M;2014;Mory;6
6;M;2012;Amos;6
27;F;2012;Ana;27
102;F;2014;Nina;102
24;M;2012;Anas;24
6;F;2012;Angélina;6
6;F;2014;Patricia;6
13;F;2014;Philomène;13
38;F;2012;Assia;38
7;F;2014;Shana;7
30;M;2014;Stanislas;30
8;M;2012;Aymane;8
5;M;2012;Bogdan;5
5;F;2015;Aissatou;5
82;M;2012;Camille;82
75;F;2012;Capucine;75
5;F;2015;Alima;5
6;M;2015;Alon;6
7;M;2012;Constant;7
9;F;2015;Anita;9
5;M;2012;Edward;5
43;F;2012;Elena;43
25;F;2015;Brune;25
5;M;2012;Éliot;5
7;F;2015;Carolina;7
13;F;2004;Amel;13
12;F;2012;Élisa;12
50;M;2004;Amine;50
33;M;2004;Anis;33
46;M;2004;Antonin;46
7;F;2012;Francesca;7
16;M;2012;François;16
7;M;2015;Édouard;7
5;M;2012;Giacomo;5
9;F;2004;Bettina;9
6;M;2015;Élio;6
5;M;2004;Carlos;5
17;F;2012;Hortense;17
59;M;2015;Félix;59
27;F;2004;Caroline;27
11;F;2015;Gabriela;11
201;F;2012;Inès;201
58;F;2004;Elodie;58
11;F;2012;Isra;11
8;M;2012;Joël;8
17;M;2015;Kamil;17
5;F;2015;Kristina;5
10;M;2004;Igor;10
8;M;2012;Maceo;8
6;M;2015;Kurtis;6
5;M;2012;Abdourahmane;5
6;F;2015;Layana;6
10;M;2015;Léandre;10
6;F;2015;Leïa;6
20;F;2012;Alexandra;20
15;F;2012;Maud;15
6;F;2015;Leïna;6
42;M;2012;Mehdi;42
5;F;2015;Léona;5
6;F;2012;Mélia;6
5;F;2012;Mélusine;5
9;F;2012;Meryl;9
9;M;2015;Luc;9
6;F;2012;Chayma;6
10;F;2015;Lucia;10
5;F;2012;Michelle;5
25;F;2012;Éléonore;25
7;M;2012;Mohamed-Amine;7
6;M;2015;Manil;6
5;F;2012;Monica;5
5;M;2012;Elliott;5
9;F;2012;Erin;9
10;M;2015;Menahem;10
28;F;2012;Eugénie;28
6;F;2012;Sally;6
6;F;2012;Fériel;6
6;F;2012;Shaïma;6
42;M;2012;Gustave;42
5;F;2012;Hasna;5
8;F;2015;Nawel;8
23;M;2012;Idriss;23
21;M;2012;Tiago;21
5;M;2015;Nelson;5
6;F;2015;Nélya;6
5;F;2015;Ortal;5
5;M;2015;Paulin;5
11;M;2012;Jalil;11
5;M;2013;Abdelkader;5
67;F;2015;Pauline;67
7;M;2013;Aïssa;7
5;M;2012;Lancelot;5
5;F;2015;Safya;5
6;F;2012;Lévana;6
5;M;2015;Said;5
28;F;2012;Lilia;28
11;M;2015;Salim;11
5;M;2015;Santiago;5
33;F;2012;Luna;33
22;F;2013;Aurore;22
7;F;2012;Lya;7
15;M;2013;Aylan;15
25;M;2012;Marcel;25
5;M;2015;Swan;5
13;F;2013;Billie;13
16;F;2015;Syrine;16
9;F;2012;Marguerite;9
5;M;2013;Cameron;5
8;F;2013;Camila;8
6;M;2015;Taym;6
7;M;2015;Thierno;7
6;M;2015;Tyron;6
10;M;2015;Yassin;10
6;M;2011;Yannick;6
7;F;2012;Mayline;7
5;M;2013;Cyril;5
133;F;2012;Adèle;133
8;F;2016;Adeline;8
5;M;2012;Adib;5
11;M;2012;Mickaël;11
169;F;2013;Emma;169
15;M;2012;Alfred;15
5;F;2016;Aglaé;5
17;M;2012;Mouhamed;17
146;F;2012;Anna;146
6;F;2013;Fatimata;6
8;M;2012;Arié;8
140;M;2012;Augustin;140
22;M;2012;Naïm;22
5;M;2016;Assil;5
9;M;2012;Nathanael;9
5;F;2016;Calista;5
6;F;2012;Rivka;6
6;F;2013;Haby;6
35;M;2016;César;35
6;M;2012;Boris;6
72;F;2012;Sara;72
6;F;2012;Sarra;6
8;F;2013;Jennah;8
7;F;2016;Domitille;7
6;M;2012;Chris;6
5;M;2012;Sean;5
33;F;2012;Sixtine;33
106;F;2013;Joséphine;106
38;F;2016;Elisa;38
15;F;2013;Judith;15
24;F;2016;Emilie;24
12;F;2012;Soumaya;12
5;F;2013;Kate;5
6;M;2016;Éthan;6
10;M;2012;Eugène;10
16;F;2013;Kelly;16
7;M;2016;Evann;7
5;F;2012;Suzie;5
7;F;2013;Kimberly;7
7;F;2013;Leslie;7
204;M;2012;Victor;204
7;M;2012;Franck;7
5;F;2016;Greta;5
17;F;2016;Hanaé;17
6;M;2012;Gautier;6
14;M;2012;Yani;14
5;M;2016;Ishaq;5
9;M;2012;Johan;9
8;F;2012;Ysé;8
7;F;2013;Namizata;7
5;M;2013;Rami;5
8;F;2012;Leyna;8
26;M;2013;Abdoulaye;26
5;F;2013;Rébecca;5
6;M;2016;Kenzi;6
11;M;2013;Aboubacar;11
14;F;2013;Serena;14
6;F;2013;Shaïly;6
8;F;2012;Lucille;8
5;M;2013;Alexander;5
8;M;2013;Soan;8
9;F;2012;Maïwenn;9
5;F;2016;Lea;5
6;M;2013;Aloys;6
32;M;2016;Léopold;32
27;F;2013;Amina;27
5;M;2013;Tomas;5
12;M;2016;Lilian;12
11;M;2013;Waël;11
6;F;2012;Meryem;6
124;F;2013;Anaïs;124
9;M;2016;Mael;9
7;F;2013;Annabelle;7
42;M;2013;Armand;42
6;M;2012;Nikola;6
7;F;2012;Noor;7
6;M;2016;Massil;6
10;F;2016;Mayssane;10
5;F;2012;Safiya;5
5;M;2013;Étienne;5
99;M;2012;Simon;99
45;F;2013;Giulia;45
22;F;2014;Clarisse;22
13;F;2016;Milla;13
9;F;2012;Tasnim;9
21;F;2014;Coline;21
5;M;2013;Idrissa;5
23;F;2016;Pénélope;23
5;F;2014;Ela;5
14;F;2016;Rachel;14
5;F;2012;Yara;5
8;F;2014;Ève;8
5;M;2012;Youness;5
5;F;2013;Kaïna;5
5;M;2012;Zayd;5
5;M;2014;Flavien;5
19;M;2016;Roman;19
5;M;2013;Kyan;5
5;M;2014;Fodé;5
5;F;2016;Saja;5
5;F;2016;Samantha;5
6;M;2013;Antoni;6
40;M;2013;Lenny;40
20;F;2013;Lilya;20
5;F;2013;Ayline;5
9;F;2013;Lital;9
7;F;2013;Lyne;7
6;F;2013;Matilda;6
23;F;2014;Irène;23
8;M;2013;Maxim;8
5;F;2014;Israa;5
10;M;2014;Jaden;10
5;M;2013;Driss;5
6;F;2013;Nesrine;6
5;F;2013;Rana;5
63;M;2017;Abel;63
6;M;2014;Kilian;6
11;M;2013;Emil;11
8;M;2013;Yaya;8
5;M;2014;Adriano;5
6;F;2017;Annaëlle;6
9;M;2014;Aidan;9
8;M;2013;Felix;8
12;M;2014;Alessio;12
67;F;2014;Margot;67
12;F;2017;Anya;12
34;F;2014;Maria;34
17;M;2013;Ibrahima;17
6;M;2014;Anaël;6
5;F;2014;Milena;5
8;M;2017;Elon;8
16;M;2013;Kenzo;16
86;M;2014;Noé;86
100;F;2017;Gabrielle;100
8;F;2013;Layla;8
24;F;2014;Céline;24
5;F;2017;Inayah;5
28;M;2017;Ismael;28
10;M;2017;Ismail;10
8;F;2013;Liel;8
6;M;2014;Tahar;6
65;M;2013;Lucien;65
6;M;2014;Edmond;6
5;F;2014;Tanya;5
6;F;2013;Mai;6
8;M;2014;Vianney;8
164;F;2013;Manon;164
9;M;2017;Kassim;9
5;F;2013;Mariame;5
11;M;2013;Mateo;11
27;F;2014;Faustine;27
5;M;2013;Mateusz;5
5;F;2017;Levana;5
5;M;2013;Matthew;5
8;F;2017;Lilas;8
6;M;2014;Isaiah;6
5;M;2017;Lubin;5
8;M;2013;Melvin;8
34;M;2014;Issa;34
90;F;2013;Mila;90
5;M;2015;Aris;5
6;F;2017;Malika;6
18;M;2013;Owen;18
11;M;2015;Dan;11
9;M;2013;Robinson;9
51;F;2014;Léna;51
5;F;2017;Nahla;5
5;F;2013;Roxanne;5
16;F;2013;Sira;16
90;F;2014;Lucie;90
13;F;2015;Emmy;13
5;M;2013;Taha;5
7;M;2017;Saïd;7
39;M;2013;William;39
5;M;2014;Marc-Antoine;5
5;F;2017;Sélène;5
8;M;2013;Zakarya;8
26;F;2017;Talia;26
5;M;2013;Zyad;5
15;M;2015;Gauthier;15
14;M;2014;Mendel;14
5;F;2017;Wanda;5
5;F;2014;Aïna;5
10;M;2015;Jérémie;10
7;F;2018;Adélie;7
5;F;2014;Alaa;5
5;F;2015;Khady;5
5;M;2018;Antonio;5
5;F;2014;Allya;5
5;F;2014;Rayhana;5
6;F;2018;Astrée;6
12;M;2014;Rémy;12
5;M;2018;Aurel;5
24;F;2014;Rosalie;24
18;M;2014;Bilel;18
6;M;2014;Seydou;6
5;F;2015;Maïna;5
5;M;2015;Massyl;5
9;F;2014;Carmen;9
77;M;2014;Théo;77
6;M;2018;Eliakim;6
6;M;2015;Merlin;6
6;F;2014;Djena;6
5;M;2015;Miguel;5
18;F;2015;Neyla;18
8;F;2014;Zineb;8
6;F;2018;Félicité;6
6;M;2015;Alhassane;6
5;F;2015;Noha;5
5;M;2018;Filip;5
21;M;2014;Haroun;21
76;M;2015;Nolan;76
5;M;2015;Prince;5
6;M;2014;Honoré;6
22;F;2015;Amélie;22
9;M;2018;George;9
5;M;2011;Yoel;5
5;F;2015;Tasnime;5
22;F;2014;Khadija;22
69;M;2015;Baptiste;69
8;M;2015;Ben;8
9;F;2018;Ivy;9
8;F;2015;Calie;8
5;F;2015;Yesmine;5
5;M;2012;Aden;5
48;F;2015;Céleste;48
10;M;2015;Yossef;10
47;M;2012;Ahmed;47
22;F;2015;Zélie;22
5;M;2014;Loup;5
6;M;2016;Aldo;6
5;F;2012;Ayem;5
5;F;2018;Laïa;5
16;M;2012;Ayman;16
5;F;2015;Dyna;5
5;M;2012;Basil;5
5;F;2014;Olive;5
17;F;2012;Cassandre;17
9;F;2014;Ora;9
88;M;2016;Charles;88
6;F;2012;Cécilia;6
15;F;2015;Émilie;15
6;M;2016;Denis;6
6;M;2015;Ennio;6
88;M;2015;Enzo;88
11;F;2016;Djeneba;11
94;M;2016;Eliott;94
8;F;2014;Tia;8
7;F;2015;Helena;7
31;F;2015;Isaure;31
7;F;2012;Halima;7
5;M;2014;Wissam;5
7;F;2016;Janna;7
5;F;2012;Imene;5
10;F;2015;Koumba;10
25;M;2012;Jacques;25
5;M;2012;Jassem;5
29;M;2015;Alban;29
5;M;2012;Joris;5
245;F;2015;Alice;245
18;M;2018;Ryan;18
5;M;2016;Liham;5
6;F;2015;Amanda;6
56;M;2012;Léonard;56
12;F;2015;Anne;12
45;M;2015;Milo;45
8;F;2015;Mira;8
5;F;2016;Maï;5
5;F;2015;Assiya;5
133;M;2019;Oscar;133
16;F;2012;Malak;16
6;F;2012;Marjane;6
11;F;2016;Maylis;11
8;F;2012;Mélodie;8
6;M;2012;Mikail;6
44;M;2019;Henri;44
5;F;2015;Florence;5
6;F;2015;Sandra;6
9;F;2010;Dana;9
5;M;2016;Mouhammad;5
16;M;2015;Soren;16
7;F;2010;Elora;7
6;M;2015;Hamidou;6
7;M;2010;Harry;7
5;M;2012;Pol;5
6;M;2010;Hatem;6
10;F;2016;Paula;10
48;M;2010;Hector;48
15;M;2015;Jonathan;15
7;M;2016;Rahim;7
5;F;2012;Théa;5
6;F;2010;Kayna;6
8;F;2016;Amelia;8
8;M;2016;Selim;8
5;M;2015;Kyle;5
13;M;2010;Loris;13
5;F;2016;Anaya;5
6;M;2013;Aimé;6
5;M;2016;Arthus;5
32;F;2010;Manel;32
5;F;2015;Laurine;5
7;M;2016;Warren;7
15;M;2013;Amadou;15
7;M;2016;Yannis;7
5;M;2016;Bosco;5
8;F;2010;Nadine;8
180;F;2016;Chloé;180
8;F;2013;Ariana;8
5;M;2015;Mohamed-Ali;5
7;M;2013;Brahim;7
98;F;2017;Apolline;98
8;F;2010;Penda;8
7;F;2010;Perrine;7
5;M;2015;Nikita;5
17;F;2016;Ellie;17
8;M;2019;Mady;8
8;M;2015;Nil;8
6;M;2016;Elyan;6
6;M;2017;Auxence;6
5;M;2004;Alexi;5
11;F;2016;Enora;11
6;F;2013;Elinor;6
5;F;2015;Perle;5
5;M;2013;Elouan;5
5;M;2010;Ryad;5
5;M;2004;Aymar;5
35;M;2015;Romain;35
5;M;2004;Ayrton;5
370;M;2016;Gabriel;370
14;F;2010;Scarlett;14
6;F;2004;Betty;6
6;F;2013;Eya;6
6;M;2010;Sidy;6
14;M;2004;Brice;14
7;F;2015;Thalia;7
5;F;2004;Carlotta;5
6;F;2015;Théodora;6
16;M;2004;Colin;16
5;M;2010;Yanni;5
51;F;2004;Diane;51
16;F;2016;Kenza;16
11;M;2017;Elyas;11
9;M;2013;Henry;9
5;F;2004;Eliette;5
5;F;2015;Zeynab;5
6;F;2016;Layane;6
14;M;2017;Eyden;14
11;M;2016;Abdoul;11
214;M;2011;Antoine;214
7;M;2004;Flavio;7
10;M;2016;Adil;10
7;F;2013;Jihane;7
5;M;2016;Makan;5
6;M;2004;Germain;6
7;M;2016;Mark;7
11;M;2017;Ilian;11
5;F;2004;Goundo;5
9;F;2016;Aimée;9
5;M;2017;Ilias;5
5;M;2004;Gwendal;5
20;M;2013;Karim;20
5;M;2011;Darren;5
6;F;2017;Joanne;6
5;F;2004;Siham;5
9;F;2016;Charlize;9
5;M;2016;Meyron;5
10;F;2013;Leila;10
8;F;2011;Emeline;8
80;F;2017;Léonie;80
5;F;2016;Daphnée;5
5;F;2013;Madeline;5
5;F;2016;Romie;5
8;F;2016;Sadio;8
11;F;2016;Elizabeth;11
9;M;2004;Yoann;9
10;M;2016;Elyes;10
114;F;2016;Victoria;114
9;F;2016;Wendy;9
8;M;2017;Michael;8
13;M;2013;Nahil;13
197;F;2011;Jeanne;197
6;F;2005;Alixe;6
7;F;2016;Zohra;7
5;F;2013;Noemi;5
5;M;2017;Abdel;5
11;F;2005;Anouck;11
9;M;2016;Hedi;9
7;F;2017;Abigaëlle;7
14;M;2017;Orso;14
7;M;2011;Leonard;7
5;F;2005;Chelsea;5
5;F;2016;Janelle;5
7;F;2005;Christelle;7
7;F;2016;Jannah;7
6;F;2013;Seynabou;6
14;F;2005;Claudia;14
14;F;2016;Joy;14
6;M;2011;Nayel;6
6;M;2017;Theodore;6
5;F;2005;Éloïse;5
104;F;2013;Zoé;104
6;F;2016;Liana;6
6;M;2014;Abdullah;6
5;M;2014;Adame;5
25;M;2017;Elijah;25
5;M;2005;Grégory;5
14;F;2017;Valentina;14
5;M;2014;Aiden;5
6;M;2017;Yusuf;6
8;F;2019;Zita;8
7;M;2005;Jarod;7
5;M;2017;Hillel;5
5;F;2017;Zara;5
9;F;2014;Alycia;9
8;M;2018;Adan;8
14;M;2005;Justin;14
5;M;2017;Jessim;5
7;F;2019;Aisha;7
5;F;2016;Ritej;5
5;M;2016;Roch;5
9;F;2005;Laëtitia;9
7;M;2016;Sabri;7
6;M;2019;Barthélemy;6
6;M;2019;Hussein;6
10;F;2018;Angela;10
6;M;2019;Mamoudou;6
7;F;2018;April;7
6;M;2019;Zion;6
5;F;2018;Aurélia;5
5;M;2014;Cristiano;5
8;F;2005;Maëva;8
5;F;2014;Dune;5
17;M;2018;Balthazar;17
5;F;2017;Maëly;5
6;F;2019;Nana;6
5;F;2017;Maéva;5
6;F;2014;Emmanuella;6
6;F;2019;Tiffany;6
5;M;2017;Marley;5
11;M;2018;Carl;11
5;F;2005;Melina;5
6;F;2017;Nafissatou;6
8;F;2018;Déborah;8
5;M;2019;Leny;5
7;F;2014;Gisèle;7
5;M;2017;Nohan;5
5;F;2019;Elikya;5
6;F;2018;Esra;6
5;F;2019;Leah;5
5;F;2018;Feryel;5
9;M;2014;Hédi;9
5;F;2019;Nellia;5
7;F;2014;Héléna;7
27;M;2017;Sami;27
5;F;2018;Hanya;5
7;F;2017;Dania;7
5;M;2017;Shay;5
8;F;2005;Stéphanie;8
7;M;2017;Stefan;7
6;F;2017;Eliza;6
5;F;2017;Frida;5
5;M;2018;Kilyan;5
5;F;2014;Leyla;5
13;F;2018;Aliya;13
5;M;2014;Mattia;5
13;M;2018;Andy;13
8;F;2014;Nelly;8
7;M;2017;Louka;7
7;F;2014;Noélie;7
18;M;2020;Muhammad;18
10;F;2017;Luce;10
12;F;2017;Lyana;12
49;F;2018;Olympe;49
6;M;2014;Ronan;6
6;F;2017;Marina;6
15;M;2020;Milhan;15
5;M;2004;Mehdy;5
8;M;2018;Tenzin;8
5;M;2014;Stéphane;5
23;F;2018;Ysée;23
9;M;2018;Élias;9
10;M;2014;Tony;10
80;F;2019;Ella;80
7;M;2017;Ylan;7
6;F;2014;Zelda;6
24;F;2004;Paloma;24
5;F;2006;Béatrice;5
43;M;2018;Arsène;43
6;F;2018;Ayla;6
10;F;2018;Kamila;10
7;F;2020;Aïsha;7
5;F;2015;Chaden;5
8;F;2006;Christine;8
10;F;2006;Danaé;10
6;F;2020;Jodie;6
6;F;2018;Lylia;6
11;M;2019;El;11
8;F;2018;Esmée;8
6;F;2020;Rosie;6
9;M;2019;Laszlo;9
5;F;2020;Tahira;5
8;M;2019;Gael;8
8;M;2019;Louay;8
5;F;2018;Mélinée;5
9;F;2018;Liyah;9
6;M;2006;Joe;6
123;M;2015;Léon;123
9;F;2006;Kady;9
10;M;2018;Marco;10
5;F;2018;Mariana;5
39;F;2006;Daphné;39
5;M;2015;Lionel;5
8;F;2015;Maëline;8
38;M;2021;Nino;38
153;F;2006;Mathilde;153
6;F;2015;Manuela;6
5;F;2006;Minh;5
5;F;2018;Vittoria;5
5;F;2006;Fatiha;5
6;F;2015;Maÿlis;6
25;M;2021;Pio;25
7;M;2018;Yaron;7
6;M;2006;Pascal;6
71;M;2019;Mathis;71
5;F;2006;Kassandra;5
5;M;2015;Seydina;5
7;M;2006;Réda;7
6;F;2015;Tatiana;6
6;M;2015;Theo;6
40;M;2019;Mathias;40
5;F;2018;Sidonie;5
8;M;2006;Willy;8
5;F;2006;Marie-Alix;5
9;M;2016;Abraham;9
13;M;2007;Bryan;13
21;M;2019;Ambroise;21
7;M;2021;Dali;7
7;M;2007;Dominique;7
18;F;2019;Elya;18
9;M;2007;Edwin;9
5;F;2006;Noémi;5
5;F;2006;Prunelle;5
9;M;2007;Fares;9
5;M;2006;Renaud;5
6;M;2021;Giorgio;6
5;F;2007;France;5
8;M;2016;Ariel;8
30;M;2019;Aksel;30
5;F;2021;India;5
5;F;2021;Octavia;5
5;F;2021;Zoë;5
5;M;2021;Aliou;5
12;M;2006;Yohann;12
5;M;2021;Junayd;5
10;F;2019;Irina;10
5;M;2007;Mounir;5
9;M;2019;Idris;9
5;F;2006;Antoinette;5
6;M;2007;Barnabé;6
5;F;2006;Célina;5
5;F;2016;Hella;5
70;F;2007;Salomé;70
12;F;2019;Safa;12
7;F;2007;Shany;7
12;F;2007;Tania;12
5;M;2007;Fantin;5
10;F;2019;Isis;10
7;F;2006;Daniela;7
9;F;2006;Carine;9
5;M;2016;Karamba;5
6;M;2006;Célian;6
6;M;2016;Khaled;6
69;F;2006;Elsa;69
7;M;2007;Hamed;7
6;M;2007;Yoav;6
5;M;2007;Hayden;5
6;M;2008;Angel;6
5;F;2012;Camelia;5
8;F;2012;Cyrielle;8
6;F;2016;Lyah;6
5;F;2006;Dahlia;5
5;M;2006;Dov;5
5;F;2016;Margo;5
11;F;2012;Éva;11
6;M;2006;Hubert;6
5;F;2006;Hélèna;5
5;F;2008;Gladys;5
5;M;2006;Ilies;5
12;M;2006;Ludovic;12
8;M;2012;Ewan;8
11;M;2006;Macéo;11
5;F;2007;Macha;5
6;F;2006;Houda;6
6;M;2006;Jérôme;6
6;F;2006;Madina;6
7;M;2016;Meïr;7
7;F;2008;Inês;7
5;F;2006;Maelle;5
6;F;2006;Imène;6
5;F;2016;Naïma;5
6;M;2006;Jessy;6
8;F;2006;Laurène;8
6;F;2006;Joëlle;6
5;M;2012;Iwan;5
7;M;2016;Otto;7
6;M;2006;Malcolm;6
5;M;2007;Nawfel;5
9;F;2008;Linoï;9
6;M;2006;Matthéo;6
7;F;2006;Karolina;7
9;M;2012;Jim;9
8;F;2006;Mélody;8
7;M;2006;Merwan;7
5;M;2007;Ralph;5
5;M;2007;Safwane;5
7;M;2016;Ugo;7
8;F;2006;Linda;8
5;M;2006;Sélim;5
12;M;2006;Pierre-Louis;12
5;M;2016;Younouss;5
11;M;2006;Rodrigue;11
5;F;2006;Marie-Ange;5
6;F;2012;Maïly;6
5;M;2006;Sidi;5
5;F;2017;Abby;5
36;M;2006;Théodore;36
12;M;2007;Thierry;12
11;M;2006;Thibaut;11
5;F;2006;Sokona;5
6;M;2008;Richard;6
7;M;2017;Alec;7
5;M;2008;Rodolphe;5
9;M;2006;Tim;9
5;F;2006;Tracy;5
5;M;2006;Mouad;5
5;F;2006;Vinciane;5
5;F;2006;Mouna;5
5;M;2012;Oliver;5
5;M;2006;Yan;5
5;F;2007;Zina;5
5;M;2008;Abd;5
12;M;2007;Allan;12
33;F;2007;Alexia;33
5;M;2008;Willem;5
9;M;2007;Andréas;9
5;M;2006;Skander;5
6;M;2008;Yoan;6
8;F;2006;Solenn;8
5;F;2008;Youna;5
5;F;2008;Aure;5
5;F;2012;Tesnime;5
5;F;2007;Chaima;5
8;M;2009;Abdou;8
5;M;2007;Abou;5
10;F;2012;Yasmina;10
6;M;2007;Cyrian;6
6;F;2008;Djénéba;6
5;F;2017;Ioana;5
5;F;2007;Cassidy;5
5;F;2008;Heidi;5
5;M;2009;Danny;5
7;F;2013;Bella;7
10;M;2007;Habib;10
8;F;2007;Lou-Anne;8
5;F;2009;Eloane;5
5;M;2008;Marko;5
5;F;2009;Élodie;5
12;M;2007;Lukas;12
5;F;2017;Myrtille;5
7;M;2009;Iban;7
5;M;2008;Riad;5
63;F;2007;Margaux;63
8;F;2007;Loubna;8
5;M;2017;Salif;5
5;F;2017;Saliha;5
6;F;2007;Maélys;6
5;M;2009;Khalid;5
8;M;2013;Harouna;8
7;M;2008;Valentino;7
18;M;2007;Oumar;18
18;M;2008;Virgile;18
5;M;2017;Will;5
5;M;2009;Mohammad;5
7;M;2017;Yasser;7
7;F;2007;Shanice;7
5;F;2009;Alyssia;5
5;M;2007;Tylan;5
5;M;2017;Ziad;5
5;M;2007;Teddy;5
6;F;2009;Ondine;6
5;F;2013;Lyla;5
5;M;2007;Yanice;5
10;F;2018;Alyah;10
5;F;2007;Violaine;5
5;M;2007;Zinedine;5
225;F;2009;Sarah;225
6;F;2009;Savannah;6
6;F;2009;Shayma;6
8;M;2008;Aristide;8
7;F;2009;Shérine;7
5;F;2008;Arwen;5
21;M;2009;Sofiane;21
27;F;2013;Naomi;27
5;M;2009;Gaoussou;5
5;F;2009;Halimatou;5
5;F;2008;Chérine;5
6;M;2009;Yves;6
6;M;2018;Eymen;6
12;M;2008;Christophe;12
5;F;2008;Colombine;5
7;M;2009;Jan;7
6;M;2009;Keziah;6
5;F;2008;Eva-Rose;5
5;M;2008;Firas;5
7;F;2010;Cyrine;7
7;F;2008;Ilana;7
5;F;2008;Hania;5
5;F;2008;Juliana;5
8;M;2008;Kyllian;8
7;M;2008;Matt;7
7;F;2010;Jane;7
8;F;2014;Élina;8
27;F;2018;Sirine;27
7;F;2008;Marie-Lou;7
5;F;2008;Nouha;5
6;F;2010;Bahia;6
5;F;2008;Sylvia;5
7;F;2006;Bénédicte;7
32;F;2008;Roxane;32
6;F;2008;Neela;6
6;F;2008;Stacy;6
5;M;2008;Ricardo;5
5;M;2009;Théotime;5
5;F;2010;Niouma;5
5;M;2014;Lohan;5
8;F;2006;Clothilde;8
7;M;2010;Elyès;7
5;M;2010;Pharell;5
24;F;2010;Fanta;24
5;M;2008;Yoël;5
6;M;2010;Foucauld;6
5;M;2010;Térence;5
6;F;2014;Mélie;6
5;F;2009;Anouchka;5
5;M;2006;Lazar;5
6;F;2006;Lorena;6
6;F;2010;Lilie;6
6;M;2006;Luigi;6
7;F;2011;Aleksandra;7
5;F;2010;Maëlie;5
10;F;2009;Ilona;10
8;M;2006;Rayen;8
6;F;2010;Mélinda;6
7;M;2014;Yazid;7
5;F;2009;Elif;5
10;M;2006;Stanley;10
24;M;2011;Elliot;24
5;M;2009;Lewis;5
5;M;2020;Hélio;5
5;F;2009;Léontine;5
5;F;2010;Emi;5
6;M;2015;Blaise;6
6;M;2010;Fabien;6
61;M;2010;Ulysse;61
9;M;2009;Jibril;9
5;F;2020;Élisabeth;5
5;F;2015;Cassiopée;5
111;M;2009;Martin;111
5;F;2020;Kali;5
5;F;2020;Téa;5
6;F;2009;Melody;6
5;M;2011;Issiaka;5
5;F;2007;Ambrine;5
7;M;2009;Patrick;7
6;F;2009;Meryam;6
11;M;2011;Kenan;11
5;F;2009;Miriam;5
5;F;2015;Émie;5
5;M;2015;Eneko;5
7;M;2007;Baudouin;7
5;M;2015;Fahd;5
5;M;2009;Matheo;5
6;F;2010;Lula;6
6;F;2009;Pétronille;6
5;F;2011;Asia;5
6;F;2011;Cassie;6
9;M;2009;Sékou;9
5;M;2011;Dayane;5
5;F;2015;Ilina;5
5;F;2011;Shirine;5
6;M;2015;Islam;6
7;M;2010;Aboubakar;7
5;F;2010;Meyssa;5
6;M;2011;Erwann;6
12;M;2009;Nolhan;12
6;M;2011;Yuri;6
7;F;2015;Leya;7
6;F;2007;Loïse;6
5;F;2007;Lysa;5
5;M;2009;Samir;5
6;M;2019;Cyrus;6
7;F;2011;Viviane;7
6;M;2019;Kenzy;6
12;M;2021;Aviel;12
5;F;2011;Yamina;5
6;M;2012;Cheick-Oumar;6
6;M;2019;Mahdi;6
5;F;2010;Typhaine;5
7;M;2015;Mario;7
7;M;2012;Ephraïm;7
5;F;2007;Mounia;5
6;F;2011;Allegra;6
5;F;2012;Eunice;5
5;M;2019;Jimmy;5
6;M;2010;Aubin;6
15;M;2012;Gaston;15
6;M;2015;Pietro;6
5;F;2019;Assetou;5
7;M;2011;Aziz;7
8;M;2011;Noan;8
5;F;2019;Assiyah;5
7;F;2021;Shira;7
5;M;2012;Bafodé;5
5;F;2012;Jinane;5
5;M;2007;Zakary;5
5;F;2012;Lilwenn;5
6;F;2010;Emilia;6
7;F;2012;Darine;7
9;F;2016;Abigail;9
6;M;2010;Gaétan;6
6;F;2010;Luz;6
6;F;2010;Gwendoline;6
5;F;2011;Castille;5
6;F;2004;Abigaël;6
5;F;2010;Magdalena;5
5;M;2012;Ethann;5
6;M;2021;Riyad;6
5;F;2021;Djelika;5
5;F;2021;Léah;5
5;M;2011;Hadriel;5
5;F;2021;Sohane;5
5;F;2012;Oliwia;5
6;M;2004;Benoit;6
5;M;2021;Boubou;5
6;M;2012;Karamoko;6
5;F;2011;Inés;5
8;F;2019;Basma;8
8;F;2019;Miral;8
8;F;2010;Shanna;8
6;F;2008;Kayliah;6
5;F;2016;Djenna;5
5;M;2019;Adonis;5
5;M;2019;Artur;5
7;M;2011;Lisandro;7
5;F;2019;Ayleen;5
6;F;2008;Lilly;6
5;M;2012;Moché;5
5;M;2011;Lounis;5
5;F;2019;Erika;5
5;F;2019;Hope;5
10;F;2010;Shelly;10
10;F;2020;Elly;10
5;M;2010;Trystan;5
7;M;2020;Leon;7
6;M;2008;Tanguy;6
5;M;2013;Albéric;5
5;F;2013;Deborah;5
6;F;2011;Sybille;6
5;F;2016;Natacha;5
18;M;2020;Kayden;18
5;M;2004;Abdelaziz;5
5;F;2020;Lennie;5
5;F;2004;Anne-Sophie;5
5;M;2016;Sahel;5
5;M;2011;Iliane;5
5;F;2005;Dalva;5
7;F;2016;Telma;7
5;F;2013;Johana;5
5;M;2009;Bernard;5
6;F;2004;Appoline;6
5;M;2016;Valérian;5
6;F;2011;Fatouma;6
5;F;2013;Fatim;5
8;M;2020;Aliocha;8
6;F;2005;Eurydice;6
7;F;2009;Eglantine;7
5;M;2004;Sebastien;5
5;F;2004;Suzon;5
6;M;2011;Juan;6
7;F;2020;Amaya;7
6;F;2011;Nola;6
8;M;2011;Kenny;8
6;F;2017;Éléa;6
5;F;2013;Norhane;5
6;M;2020;Maëlan;6
6;F;2005;Alysson;6
11;F;2017;Evy;11
6;M;2011;Sven;6
6;M;2019;Tyler;6
5;F;2013;Sérine;5
5;M;2005;Matthis;5
5;F;2011;Vera;5
5;F;2006;Chloë;5
6;F;2019;Tal;6
5;F;2006;Délia;5
7;F;2021;Zeyneb;7
5;M;2019;Eyad;5
7;M;2021;Haron;7
5;F;2005;Donia;5
7;F;2009;Lylou;7
5;F;2021;Alexie;5
5;F;2006;Feriel;5
6;M;2005;Philéas;6
5;F;2011;Sihem;5
5;F;2021;Elynn;5
6;M;2005;Robert;6
5;F;2019;Mélya;5
5;F;2021;Lalla;5
5;F;2019;Nalya;5
6;F;2009;Moïra;6
5;F;2019;Ruth;5
5;M;2021;Ayaz;5
7;M;2019;Mazen;7
5;M;2014;Francesco;5
7;M;2004;Estéban;7
6;F;2014;Daniella;6
5;M;2004;Francis;5
6;M;2004;Gad;6
7;F;2006;Ludmila;7
6;M;2019;Saliou;6
5;M;2019;Safwan;5
6;F;2019;Olympia;6
5;M;2019;Adams;5
9;F;2005;Lorraine;9
5;F;2019;Fatima-Zahra;5
5;F;2005;Mama;5
5;F;2010;Anais;5
5;M;2018;Alioune;5
6;F;2010;Bouchra;6
6;F;2010;Clélie;6
5;M;2005;Diogo;5
5;M;2005;Hakim;5
5;M;2006;Aleksandar;5
7;M;2005;Hicham;7
7;M;2014;Saif;7
7;M;2004;Jean-Marc;7
14;M;2020;Mayron;14
10;M;2020;Levi;10
7;F;2018;Khadidiatou;7
7;F;2020;Maddalena;7
7;F;2020;Sanaa;7
7;M;2005;Matys;7
5;F;2015;Chaïma;5
5;F;2004;Mazarine;5
7;M;2007;Hugues;7
6;M;2020;Caleb;6
7;F;2010;Luisa;7
6;F;2020;Gina;6
7;M;2020;Hélios;7
5;F;2004;Shaïli;5
5;F;2004;Jessie;5
7;F;2020;Alaïa;7
5;F;2007;Maram;5
9;M;2005;Alone;9
6;F;2005;Séphora;6
9;F;2004;Liliane;9
5;M;2018;Vassily;5
6;F;2020;Faith;6
5;F;2010;Séraphine;5
5;M;2010;Szymon;5
5;F;2015;Jenny;5
5;F;2005;Virginie;5
5;F;2005;Wiktoria;5
7;F;2004;Sylvie;7
9;F;2015;Kadidia;9
6;M;2004;Wandrille;6
11;M;2005;Idir;11
5;M;2005;Amaël;5
7;F;2019;Tyana;7
6;M;2005;Brieuc;6
6;F;2020;Lynn;6
6;M;2019;Salomon;6
6;M;2008;Anselme;6
5;F;2020;Ciara;5
5;M;2004;Paul-Emile;5
5;F;2005;Ingrid;5
5;M;2015;Sixte;5
6;F;2005;Valérie;6
5;M;2008;Eythan;5
6;F;2008;Guillemette;6
9;F;2019;Inna;9
5;F;2005;Nisrine;5
9;F;2019;Zoey;9
5;F;2005;Prudence;5
5;F;2005;Sabine;5
5;F;2005;Safiatou;5
5;F;2004;Françoise;5
5;M;2016;Haï;5
7;M;2008;Mahmoud;7
8;M;2021;Amara;8
5;M;2008;Marvyn;5
5;F;2016;Dalya;5
7;M;2010;Christ;7
5;M;2005;Shawn;5
8;M;2021;Yacoub;8
7;F;2021;Deva;7
12;M;2020;Joud;12
7;F;2021;Saran;7
6;M;2011;Mustapha;6
9;M;2020;Giulian;9
5;M;2008;Ramy;5
5;M;2008;Riwan;5
6;M;2021;Eren;6
5;M;2004;Meziane;5
5;M;2021;Atlas;5
5;M;2020;Faël;5
5;F;2008;Sandrine;5
5;M;2021;Daris;5
7;F;2020;Razan;7
9;F;2011;Yael;9
5;F;2020;Agatha;5
5;F;2020;Keïla;5
5;F;2020;Martha;5
6;M;2004;Baba;6
7;M;2009;Alexy;7
5;M;2012;Danyl;5
5;M;2004;Diaby;5
5;F;2016;Vivienne;5
8;M;2012;Eduardo;8
5;F;2016;Soukaïna;5
6;F;2010;Priscille;6
7;M;2016;Soulayman;7
5;M;2005;Jamil;5
6;M;2010;Ron;6
7;F;2005;Jennifer;7
5;M;2005;Jordy;5
5;F;2004;Sandy;5
9;M;2021;Ilay;9
5;F;2010;Youmna;5
8;F;2021;Cataleya;8
10;F;2021;Élia;10
5;M;2012;Luke;5
6;M;2021;Asher;6
8;F;2021;Bayane;8
5;M;2012;Jawed;5
5;F;2021;Elyna;5
5;F;2012;Jehanne;5
5;F;2021;Haydée;5
5;F;2021;Sokhna;5
5;M;2021;Ghali;5
5;F;2021;Saskia;5
5;M;2021;Mikaïl;5
5;M;2021;Cherif;5
5;M;2021;Otis;5
5;M;2021;Ezéchiel;5
5;M;2021;Yunus;5
5;F;2017;Keira;5
5;M;2020;Enaël;5
6;M;2005;Johnny;6
5;M;2020;Moshé;5
5;M;2004;Josselin;5
5;F;2004;Karla;5
5;F;2004;Liliana;5
5;M;2020;Zach;5
6;F;2005;Lalie;6
5;F;2004;Lorie;5
5;F;2005;Mado;5
5;M;2009;Takumi;5
5;M;2017;Winner;5
5;F;2013;Balkis;5
6;M;2005;Paco;6
8;F;2017;Zaynab;8
5;F;2011;Niamé;5
7;M;2010;Amin;7
5;M;2013;Cyriaque;5
5;M;2011;Noâm;5
13;F;2017;Simone;13
7;F;2017;Tosca;7
5;M;2006;Alejandro;5
9;M;2021;Jassim;9
5;M;2013;Paul-Arthur;5
5;F;2011;Shayna;5
6;F;2018;Amaia;6
7;M;2004;Kamel;7
5;F;2004;Karen;5
7;F;2018;Gemma;7
5;M;2014;Abishan;5
5;F;2021;Esma;5
5;F;2021;Kimia;5
5;M;2021;Cosme;5
5;M;2010;Mike;5
5;M;2021;Dayan;5
5;M;2018;Lounes;5
5;F;2018;Firdaous;5
5;M;2004;Pierre-Alexandre;5
6;F;2020;Louve;6
6;M;2019;Asser;6
6;F;2013;Shyrel;6
6;F;2019;Cosima;6
6;F;2019;Tesnim;6
5;M;2019;Andria;5
5;M;2019;Jamal;5
5;F;2020;Catalina;5
5;F;2019;Isée;5
5;F;2013;Yosra;5
5;F;2014;Henriette;5
6;M;2013;Zackary;6
5;M;2018;Mansour;5
7;M;2011;Elior;7
7;M;2018;Saül;7
6;M;2014;Elhadj;6
5;M;2012;Junior;5
5;F;2014;Hidaya;5
5;M;2014;Salem;5
5;F;2014;Sydney;5
5;F;2011;Nala;5
5;F;2006;Camillia;5
7;M;2015;Gabriele;7
6;F;2021;Layel;6
5;M;2012;Vivien;5
5;F;2004;Émeline;5
5;F;2021;Ivana;5
5;M;2021;Eliam;5
7;M;2004;Geoffrey;7
7;M;2015;Kendrick;7
7;M;2010;Haïm;7
5;F;2004;Ikrame;5
8;M;2019;Ladji;8
5;M;2021;Shams;5
8;M;2004;Scott;8
6;F;2004;Eliane;6
5;F;2015;Maissa;5
5;M;2006;Karol;5
5;F;2006;Kyara;5
5;M;2010;Jeremy;5
5;M;2015;Moulay;5
5;F;2004;Malena;5
5;F;2004;Thalie;5
5;F;2004;Anne-Lise;5
5;F;2015;Nourane;5
5;M;2004;Natan;5
5;M;2004;Chad;5
5;F;2005;Aïssé;5
6;F;2015;Sofya;6
6;F;2005;Coraline;6
5;M;2006;Vassili;5
5;M;2006;Wilhem;5
5;F;2005;Aurelia;5
6;F;2005;Erine;6
7;M;2004;Fabrice;7
7;M;2010;Preston;7
5;M;2005;Corto;5
5;M;2013;Saad;5
5;M;2005;Donatien;5
5;M;2010;Yaniv;5
6;M;2015;Mayas;6
5;F;2012;Enola;5
7;M;2015;Naor;7
5;M;2012;Federico;5
6;F;2015;Racha;6
5;M;2005;Filipe;5
6;F;2011;Blessing;6
7;F;2005;Flavia;7
5;M;2011;Farouk;5
5;M;2011;Franklin;5
5;F;2006;Alessandra;5
6;F;2016;Aysha;6
5;M;2012;Mouctar;5
5;F;2017;Anne-Marie;5
5;M;2007;Roland;5
6;F;2005;Natasha;6
6;F;2019;Calypso;6
9;M;2011;Lyes;9
6;M;2005;Oussama;6
5;F;2014;Marta;5
6;F;2019;Lyanna;6
5;F;2004;Iona;5
8;F;2012;Tiana;8
5;M;2004;Israël;5
5;M;2019;Billy;5
5;M;2019;Kaïss;5
5;F;2008;Chirine;5
5;M;2019;Solan;5
5;F;2019;Chana;5
5;F;2014;Taïna;5
6;F;2004;Latifa;6
7;F;2004;Manal;7
5;M;2017;Neyl;5
9;M;2017;Racim;9
5;F;2008;Lauryn;5
6;M;2016;Tayron;6
5;M;2013;Islem;5
5;F;2012;Emie;5
5;F;2017;Astou;5
5;F;2008;Tsipora;5
5;F;2018;Enéa;5
6;M;2020;Nissim;6
6;M;2004;Ilyass;6
5;F;2015;Mélisande;5
5;M;2014;Alain;5
5;M;2017;Maurice;5
7;M;2004;Paul-Antoine;7
6;F;2018;Octavie;6
5;M;2017;Mouhamad;5
5;F;2015;Valeria;5
5;M;2014;Ely;5
5;M;2014;Fallou;5
5;F;2016;Arwa;5
5;M;2017;Souheyl;5
8;M;2017;Younous;8
5;M;2016;Colomban;5
5;F;2014;Naila;5
6;M;2013;Kelyan;6
6;M;2006;Néo;6
6;M;2018;Gaye;6
5;F;2006;Rokhaya;5
7;F;2006;Lauriane;7
5;F;2018;Junon;5
6;M;2015;Chmouel;6
5;M;2006;Réphaël;5
5;F;2006;Elisheva;5
5;M;2013;Tilio;5
7;F;2018;Séréna;7
7;F;2010;Sephora;7
5;F;2007;Gaëtane;5
5;F;2006;Katarina;5
6;F;2015;Naelle;6
5;M;2007;Ilyess;5
6;M;2017;Dalil;6
5;F;2010;Tanina;5
5;F;2015;Noélia;5
5;M;2007;Deniz;5
5;F;2007;Lynda;5
6;F;2007;Énora;6
6;F;2015;Zoe;6
6;M;2007;Kelvin;6
6;F;2014;Jill;6
7;M;2014;Léandro;7
5;F;2008;Anjali;5
5;M;2014;Lyham;5
6;M;2014;Muhammed;6
5;F;2014;Nahia;5
7;M;2006;Arno;7
5;F;2007;Taly;5
7;M;2014;Pape;7
6;M;2016;Mylan;6
5;F;2011;Shannon;5
5;F;2008;Celina;5
5;F;2008;Cheyenne;5
5;M;2018;Doron;5
5;F;2018;Elyana;5
6;M;2008;Mateja;6
6;F;2006;Marjorie;6
5;M;2008;Ianis;5
13;M;2018;Isaïah;13
5;F;2008;Mélyna;5
5;M;2006;Moustafa;5
5;F;2017;Délya;5
6;F;2007;Shanon;6
5;F;2017;Dieynaba;5
5;F;2007;Victorine;5
7;M;2018;Marlo;7
5;F;2017;Giuliana;5
5;M;2008;Nazim;5
7;M;2006;Yasin;7
6;M;2019;Shady;6
6;F;2019;Teresa;6
6;M;2008;Arto;6
5;F;2008;Ayala;5
5;F;2009;Auxane;5
5;F;2017;Purity;5
5;F;2018;Tiguida;5
5;F;2017;Tehila;5
5;M;2007;Gatien;5
5;M;2015;Waïl;5
5;F;2009;Ibtissam;5
5;F;2018;Éléanore;5
6;F;2007;Manar;6
6;M;2009;Idan;6
7;M;2009;Marwen;7
5;F;2009;Kamélia;5
6;F;2009;Kawtar;6
17;F;2019;Imany;17
5;M;2007;Pierre-Antoine;5
9;M;2007;Rudy;9
5;M;2018;Leyth;5
5;M;2008;Sofian;5
7;M;2008;Arda;7
5;M;2008;Billal;5
5;F;2016;Maja;5
6;M;2004;Virgil;6
5;F;2018;Rime;5
5;F;2018;Saly;5
7;M;2016;Qassim;7
5;M;2009;Yaïr;5
5;M;2019;Aylane;5
5;F;2008;Jordane;5
5;F;2004;Alison;5
5;F;2009;Dalla;5
5;F;2009;Diaba;5
5;M;2019;Kayron;5
5;M;2004;Ary;5
5;F;2009;Eliora;5
5;F;2019;Madoussou;5
5;M;2017;Andrés;5
7;M;2004;Chaï;7
6;M;2004;Guy;6
5;M;2008;Yessine;5
7;M;2004;Wilson;7
7;F;2005;Nawal;7
6;F;2017;Jeannette;6
5;M;2020;Éli;5
5;M;2020;Esaïe;5
5;M;2020;Juba;5
5;F;2009;Hadassa;5
5;F;2009;Thémis;5
6;F;2020;Nabintou;6
5;M;2020;Arlo;5
5;F;2006;Dado;5
5;F;2020;Noya;5
5;F;2005;Karima;5
6;F;2009;Zuzanna;6
5;M;2010;Albin;5
5;F;2020;Zahara;5
5;F;2018;Aïko;5
6;M;2006;Louis-Marie;6
5;M;2009;Tidjane;5
6;M;2005;Yacouba;6
5;M;2006;Alvin;5
7;M;2021;Priam;7
7;M;2021;Samson;7
5;F;2004;Lorette;5
7;M;2021;Ezechiel;7
5;M;2021;Zeyn;5
5;F;2004;Maryline;5
5;F;2010;Hava;5
6;M;2021;Orphée;6
7;M;2018;Marlow;7
5;F;2021;Freya;5
6;F;2010;Léanne;6
5;F;2018;Shahd;5
8;F;2004;Maude;8
5;F;2004;Morganne;5
5;F;2007;Leana;5
5;M;2004;Rubens;5
5;M;2012;Félicien;5
12;F;2019;Sidra;12
5;M;2007;Sören;5
5;F;2012;Ranim;5
5;M;2006;Colas;5
5;F;2011;Gwenaëlle;5
5;M;2012;Toma;5
5;M;2006;Jean-Luc;5
5;M;2006;Liron;5
5;M;2008;Kenji;5
6;F;2020;Ndeye;6
5;M;2020;Ihsan;5
5;F;2008;Monique;5
5;F;2020;Ina;5
5;F;2013;Layanah;5
5;M;2007;Brandon;5
5;M;2008;Uriel;5
6;M;2007;Kyliann;6
5;M;2007;Prosper;5
5;M;2009;Israel;5
5;F;2008;Anna-Rose;5
5;M;2014;Hocine;5
5;M;2021;Cayden;5
5;M;2009;Yolan;5
5;F;2008;Celine;5
5;M;2021;Gino;5
5;M;2021;Mylann;5
5;M;2014;Kader;5
8;F;2019;Ida;8
5;M;2014;Kiyan;5
5;F;2014;Méllina;5
5;F;2014;Milica;5
6;F;2008;Kathleen;6
5;F;2008;Kessy;5
5;F;2008;Laly;5
5;F;2015;Kheira;5
5;F;2009;Célya;5
7;M;2015;Nohé;7
5;F;2015;Romaïssa;5
5;M;2009;Jean-David;5
5;M;2009;Louan;5
5;F;2016;Geneviève;5
5;M;2011;Shayan;5
6;M;2009;Steve;6
6;M;2009;Victorien;6
6;M;2016;Nahyl;6
5;F;2016;Rafaela;5
6;F;2017;Alana;6
8;M;2017;Marcello;8
5;M;2017;Sidney;5
5;M;2018;Abdoul-Aziz;5
5;M;2018;Anir;5
7;M;2018;Matei;7
5;F;2005;Narimane;5
6;F;2020;Noée;6
5;F;2010;Celeste;5
11;F;2021;Izïa;11
7;F;2021;Ayna;7
6;F;2021;Anaë;6
5;F;2010;Louanne;5
6;M;2010;Luan;6
5;F;2021;Kamelia;5
5;F;2021;Keyla;5
6;M;2011;Arman;6
5;M;2019;Ouriel;5
5;F;2019;Ferima;5
6;M;2020;Gustavo;6
6;M;2020;Milhane;6
6;F;2020;Élyne;6
5;F;2020;Camilla;5
5;F;2020;Malaïka;5
11;F;2021;Nessa;11
6;M;2021;Elyo;6
5;F;2021;Elsie;5
5;M;2021;Masten;5
6;M;2019;Timothy;6
5;F;2019;Avigaïl;5
5;F;2019;Cara;5
11;M;2004;Brian;11
6;F;2005;Iseult;6
7;F;2005;Néné;7
5;F;2004;Laurence;5
5;F;2014;Kawthar;5
8;F;2014;Lalya;8
7;M;2015;Daoud;7
6;M;2015;Sinan;6
5;M;2016;Amjad;5
5;M;2016;Meir;5
6;F;2017;Isia;6
5;M;2017;Lélio;5
6;M;2017;Louca;6
7;M;2017;Serigne;7
5;F;2006;Eléanor;5
5;M;2006;Emeric;5
8;M;2006;Gonzague;8
7;F;2006;Katell;7
5;M;2007;Horace;5
6;F;2007;Shani;6
6;M;2008;Eliahou;6
5;F;2008;Salomée;5
5;F;2009;Honorine;5
5;M;2010;Markus;5
5;M;2010;Séverin;5
5;F;2010;Sylia;5
5;F;2011;Leticia;5
5;M;2020;Assad;5
5;F;2021;Dihya;5
5;F;2019;Joudia;5
5;F;2019;Zeynep;5
6;F;2006;Loula;6
5;M;2006;Yoram;5
7;M;2007;Bastian;7
6;F;2007;Julianne;6
5;M;2007;Zied;5
6;F;2008;Lamia;6
6;F;2008;Leelou;6
5;M;2009;Nathane;5
5;F;2010;Mélissande;5
7;F;2010;Paris;7
5;F;2011;Arij;5
5;M;2011;Maxens;5
6;M;2004;Abdellah;6
8;M;2004;Briac;8
9;M;2004;Steeve;9
5;M;2019;Azad;5
6;F;2020;Djamila;6
5;F;2004;Meïssane;5
5;M;2012;Tyméo;5
6;M;2013;Erik;6
5;F;2013;Wiem;5
6;M;2014;Ovadia;6
5;F;2015;Layna;5
5;F;2017;Aissata;5
8;F;2018;Aliza;8
5;M;2018;Eloan;5
6;M;2018;Ilya;6
5;F;2018;Maha;5
6;M;2018;Orson;6
5;M;2018;Yazen;5
5;F;2020;Amal;5
5;F;2020;Imani;5
15;F;2021;Nava;15
6;M;2021;Jelani;6
5;F;2021;Ilef;5
5;F;2021;Josephine;5
5;M;2021;Ladislas;5
5;M;2004;Gilles;5
5;M;2013;Camilo;5
6;F;2013;Delia;6
5;F;2013;Hatouma;5
5;F;2013;Yumi;5
5;M;2014;Arslane;5
8;F;2014;Hermance;8
6;M;2014;Jayan;6
6;M;2015;Kahil;6
6;F;2015;Oona;6
6;F;2016;Lyse;6
7;F;2016;Mame;7
5;M;2016;Valère;5
5;F;2016;Yakine;5
6;F;2017;Gala;6
5;F;2017;Hanaa;5
5;F;2017;Shanaya;5
5;M;2017;Siaka;5
5;F;2017;Soujoud;5
6;M;2018;Ézéchiel;6
6;F;2018;Ritaj;6
5;F;2007;Juliane;5
5;F;2007;Laureen;5
5;F;2008;Angelica;5
5;M;2009;Lény;5
5;F;2009;Taïs;5
6;M;2010;Edgard;6
6;M;2019;Thaddée;6
5;M;2019;Yakoub;5
7;M;2006;Rohan;7
5;M;2006;Rony;5
5;M;2008;Othman;5
6;F;2009;Thérèse;6
5;F;2010;Anne-Laure;5
5;F;2011;Lili-Rose;5
5;F;2005;Anta;5
7;M;2005;Massinissa;7
5;M;2013;Eduard;5
5;M;2014;Wassil;5
5;M;2015;Khalifa;5
6;M;2016;Adnane;6
5;M;2016;Leopold;5
5;M;2017;Kalilou;5
6;M;2017;Mani;6
6;M;2018;Arslan;6
5;M;2020;Mamady;5
6;F;2021;Lyvia;6
5;F;2019;Eydel;5
6;M;2006;Kacper;6
5;M;2006;Philibert;5
5;F;2006;Sarah-Lou;5
5;M;2007;Dramane;5
5;F;2008;Uma;5
5;M;2009;Mika;5
6;F;2009;Nermine;6
5;M;2019;Orion;5
5;F;2019;Akshaya;5
7;F;2020;Jannat;7
6;M;2020;Soën;6
6;F;2020;Nihel;6
5;M;2020;Maho;5
5;M;2020;Shahine;5
5;F;2020;Beatrice;5
5;F;2020;Giorgia;5
5;F;2020;Lyra;5
5;F;2020;Yana;5
6;F;2021;Aleyna;6
5;F;2021;Jemima;5
5;M;2012;Fady;5
5;M;2012;Haroune;5
7;M;2012;Tybalt;7
5;M;2013;Abdramane;5
5;M;2013;Rodrigo;5
5;M;2014;Éliott;5
6;M;2016;Jun;6
5;M;2017;Hamady;5
5;M;2017;Teodor;5
7;M;2018;Mikaël;7
9;F;2019;Mariya;9
5;F;2010;Anael;5
7;M;2010;Cyrille;7
5;F;2010;Isild;5
5;F;2011;Anabelle;5
5;F;2011;Angéline;5
5;F;2011;Jacqueline;5
6;F;2004;Chanel;6
5;F;2004;Evelyne;5
5;F;2005;Aïnhoa;5
10;M;2005;Geoffroy;10
5;M;2005;Redouane;5
5;M;2005;Timoté;5
;F;2022;Athena;8
;M;2022;Ishay;6
;M;2022;Joel;6
;F;2022;Hayat;5
;F;2022;Ness;6
;M;2022;Lissandro;5
;F;2022;Naminata;5
;M;2022;Liroy;5
;F;2022;Layan;6
;M;2022;Zoumana;8
;M;2022;Nahël;7
;F;2022;Naava;5
;M;2022;Or;5
;F;2022;Henda;5
;F;2022;Nafissa;5
;F;2022;Taline;5
;F;2022;Seyana;9
;M;2022;Lenzo;5
;F;2022;Bluma;5
;F;2022;Mayla;6
;F;2022;Siena;6
;M;2022;Yazan;7
;F;2022;Luciana;5
;F;2022;Edmée;6
;M;2022;Lyron;5
;F;2022;Zeyna;6
;M;2022;Francisco;5
;F;2022;Nova;5
;M;2022;Arken;5
;F;2022;Chloe;6
;M;2022;Lev;6
;F;2022;Bamby;5
;F;2022;Massandje;5
;M;2022;Loann;8
;F;2022;Azel;6
;M;2022;Aslan;5
;M;2022;Malamine;5
;F;2022;Jamila;10
;M;2022;Sully;6
;F;2022;Mawa;11
;M;2022;Nahïl;8
;F;2022;Aminatou;5
